Rank,Urban Area,Population Estimate (2025),1 Year Change (over 2024),Land Area (Km²),Density (P/Km²),Global Rank,Projections (2030),Projections (2050)
1,Shanghai,29558908,1.31%,3130,9444,5,31297216,34912186
2,Guangzhou,27563372,0.77%,4542,6069,6,28442486,29243076
3,Beijing,17013303,0.63%,1713,9932,16,17583507,18004156
4,Shenzhen,13878396,0.64%,1459,9512,23,14273003,14660570
5,Suzhou,7731101,0.30%,1169,6613,43,7784349,7639262
6,Hangzhou,7500208,1.73%,1610,4659,45,8137733,9624602
7,Wuhan,7363548,−0.53%,711,10357,46,7131478,6157042
8,Tianjin,7285342,0.67%,541,13466,47,7451187,7645279
9,Chongqing,7071073,−0.38%,551,12833,51,6861728,6080495
10,Nanjing,6800676,0.02%,723,9406,57,6767236,6316820
11,Chaozhou,6407770,0.75%,1223,5239,61,6599946,6836503
12,Chengdu,6139874,−0.42%,866,7090,64,5978833,5216765
13,Shenyang,5702638,−0.28%,481,11856,67,5584576,5052402
14,Xi'an,5231053,−0.17%,622,8410,77,5157574,4744642
15,Zhengzhou,4878035,−0.1%,582,8382,86,4825163,4438815
16,Hefei,4867000,0.04%,500,9734,87,4852856,4484853
17,Harbin,4376259,−0.03%,417,10495,96,4347853,4140927
18,Wenzhou,4158195,0.19%,533,7801,106,4207361,4094852
19,Taiyuan,4005816,0.36%,345,11611,112,4040211,3979034
20,Puning,3989322,0.69%,692,5765,113,4118998,4268586
21,Ürümqi,3755144,0.52%,303,12393,122,3856262,4001407
22,Qingdao,3616657,−0.06%,518,6982,128,3583187,3300156
23,Jinan,3472980,−0.12%,444,7822,137,3425077,3132168
24,Changsha,3457508,0.18%,403,8579,138,3466697,3365214
25,Changchun,3349934,−0.29%,263,12737,140,3280635,2994525
26,Nanchang,3299773,−0.09%,398,8291,142,3270165,3044933
27,Nanning,3288636,0.01%,238,13818,143,3272681,3176261
28,Quanzhou,3286129,−0.14%,677,4854,144,3253806,2964415
29,Kunming,3228117,0%,354,9119,151,3207313,3079539
30,Ningbo,3094833,1.43%,529,5850,161,3288278,3847804